name,type,bus,P_pu,Q_pu,rating,base_power
generator-3-1,ThermalStandard,3,0.2,0.21719000000000002,99.99080007680706,60.0
generator-8-1,ThermalStandard,8,0.1,0.22292,99.99028802838804,25.0
generator-1-1,ThermalStandard,1,1.9333000000000002,0.01121,100.48880584423323,615.0
generator-2-1,ThermalStandard,2,0.3,0.27015999999999996,99.99125011719775,60.0
generator-6-1,ThermalStandard,6,0.15,0.14800000000000002,99.99028802838804,25.0
