from_bus,I_pu,I_kA
4,3.008823598623489,12.588008076879492
8,1.7982315139947767,7.523256874421395
9,1.800259265882398,7.531740375132757
