grandeza,valor
If_pu_A,6.600985483436856
If_kA_A,27.61652714332667
Zth_abs_A,0.15812335908412933
SCC_MVA_A,688.9910618046888
If_pu_B,6.901709514333573
If_kA_B,28.874665550500648
Zth_abs_B,0.15123353898525238
SCC_MVA_B,720.3797339775955
