caso,z_fault_pu,V7_min_pu,If_pu,If_kA,status
"A (franca, permanente)",0.001,0.005003962148756754,5.652055350505538,23.64649042093505,SIMULATION_FINALIZED
"B (severa, eliminada)",0.05,0.2690146573919579,5.576616094488361,23.330875386377205,SIMULATION_FINALIZED
