caso,z_fault_pu,V7_min_pu,If_subtr_pu,If_subtr_kA,If_amort_pu,If_amort_kA,status
"A (franca, permanente)",0.001,0.005004099821876281,6.624332018339042,27.714201985431178,5.527052016159021,23.1235142706846,SIMULATION_FINALIZED
"B (severa, eliminada)",0.05,0.2690146573919579,6.002566064562787,25.11292125510027,6.002566064562787,25.11292125510027,SIMULATION_FINALIZED
