bus,V_durante_pu
1,0.9597978773921134
2,0.856724766519417
3,0.7979721829948652
4,0.6190526396712693
5,0.6861791393185456
6,0.6243247258553697
7,0.006624332018339044
8,0.2876046799404556
9,0.2172411712409573
10,0.2853374876238731
11,0.4486736188289198
12,0.5872953927172816
13,0.5565162527612869
14,0.3573015049787132
