bus,V_durante_pu
1,0.9541179420789231
2,0.8426525769986448
3,0.7724854511922935
4,0.6035297542470791
5,0.6689068158340841
6,0.566079546895001
7,0.005652055350505541
8,0.18166247804884925
9,0.20225282309895187
10,0.26317659179088826
11,0.40917113541859595
12,0.532934658292411
13,0.5053875497583383
14,0.327424982218399
