cenario,carga_total_MW,V7_pre_pu,Zth_abs_pu,If_pu,If_kA,SCC_MVA,If_cargas_pu,If_cargas_kA
Base,259.0,1.0425337653833038,0.15812335908412933,6.593167317788358,27.58381830244457,687.3599549616034,6.89455477221462,28.844732273048763
Carga leve (60%),155.4,1.0533298036145884,0.15812335908412933,6.661443366767863,27.869464644890382,701.6696833307295,6.831265729464667,28.579950056610798
Carga pesada (140%),362.59999999999997,1.0308393527628898,0.15812335908412933,6.519209790799966,27.27440237407249,672.0258001273731,6.965712111690137,29.142433063635774
Gerador b2 fora,259.0,1.0401463134197728,0.16256441175937653,6.398364334186242,26.76882152692556,665.5235074120379,6.719882292144064,28.113955436898365
