caso,If_pu,If_kA
sem FV,5.142272126001515,21.513711566618
com FV,5.240231148323521,21.923542493481495
